<?xml version="1.0" encoding="utf-8"?>
<extension version="3.1" type="plugin" group="api" method="upgrade">
	<name>Api - Importer</name>
	<author>Techjoomla</author>
	<creationDate>November 2015</creationDate>
	<copyright>Copyright (C) 2015 - 2019 Open Source Matters. All rights reserved.</copyright>
	<license>GNU General Public License version 2 or later; see LICENSE.txt</license>
	<authorEmail>connnect@techjoomla.com</authorEmail>
	<authorUrl>connnect@techjoomla.com</authorUrl>
	<version>2.0.0</version>
	<description>Importer Core plugin</description>
	<files>
		<filename plugin="importer">importer.php</filename>
        <folder>importer</folder> 
	</files>
</extension>
